Temperature,Humidity,Light,CO2,HR
23.7,26.272,585.2,749.2,0.0047641630241641
23.718,26.29,578.4,760.4,0.0047726609921251
23.73,26.23,572.666666666667,769.666666666667,0.0047651525524654
23.7225,26.125,493.75,774.75,0.0047437733559968
23.754,26.2,488.6,779.0,0.0047665939999861
23.76,26.26,568.666666666667,790.0,0.0047793324316345
23.73,26.29,536.333333333333,798.0,0.0047761363327489
23.754,26.29,509.0,797.0,0.0047830937083903
23.754,26.35,476.0,803.2,0.0047940939966204
23.736,26.39,510.0,809.0,0.0047961887103893
23.745,26.445,481.5,815.25,0.0048088862206771
23.7,26.56,481.8,824.0,0.0048167933677358
23.7,26.6,475.25,832.0,0.0048241038367487
23.7,26.7,469.0,845.333333333333,0.0048423807553356
23.7,26.774,464.0,852.4,0.0048559063612897
23.7,26.89,464.0,861.0,0.0048771098371907
23.7,26.9725,455.0,880.0,0.004892190768364
23.6,26.89,454.0,891.0,0.0048475944139699
23.64,26.976,458.0,897.6,0.0048750447811301
23.65,27.05,464.0,900.5,0.0048914915892962
23.64,27.1,473.0,908.8,0.0048976302434582
23.6,27.16,464.0,918.0,0.0048966518452253
23.6,27.236,498.4,925.2,0.0049104619885559
23.6,27.29,530.2,929.4,0.0049202748285747
23.6,27.33,533.6,936.4,0.0049275437970155
23.6,27.34,524.25,950.0,0.0049293610654639
23.625,27.3925,498.666666666667,961.0,0.0049464057474414
23.6,27.39,516.333333333333,963.0,0.0049384475657387
23.6,27.412,501.2,958.6,0.0049424457093031
23.6,27.5,522.0,965.333333333333,0.0049584387935172
23.6,27.525,520.5,979.25,0.0049629824321816
23.6,27.6,505.285714285714,978.428571428571,0.0049766137433226
23.6,27.6,488.333333333333,983.0,0.0049766137433226
23.6,27.54,512.0,992.6,0.0049657086469915
23.6,27.6,511.0,997.2,0.0049766137433226
23.6166666666667,27.6333333333333,501.5,999.5,0.0049877184213918
23.6666666666667,27.7,503.666666666667,1001.0,0.0050150508609538
23.6,27.7,483.166666666667,1009.5,0.0049947897469088
23.6,27.7225,483.5,1019.0,0.0049988794929492
23.6,27.79,473.0,1021.0,0.0050111490511946
23.6,27.8566666666667,470.333333333333,1024.66666666667,0.0050232676047643
23.6,27.8042857142857,480.142857142857,1030.42857142857,0.0050137458446678
23.575,27.79,464.0,1026.25,0.0050035447484533
23.54,27.81,474.4,1028.0,0.0049965380106032
23.6,27.978,470.0,1034.8,0.0050453245744206
23.525,28.0,454.0,1055.5,0.0050263667581946
23.5,27.978,454.0,1055.25,0.0050147597241768
23.5,28.0,454.0,1050.0,0.0050187348078695
23.5,28.0,454.0,1051.25,0.0050187348078695
23.5,28.0,445.0,1053.6,0.0050187348078695
23.5,28.0,439.0,1055.5,0.0050187348078695
23.5,28.025,444.25,1055.0,0.0050232520096096
23.445,28.125,454.75,1059.5,0.0050244911474795
23.39,28.18,455.8,1060.0,0.0050175822743852
23.39,28.2,451.6,1073.6,0.0050211721163507
23.39,28.2,451.6,1078.6,0.0050211721163507
23.39,28.2,454.75,1081.0,0.0050211721163507
23.39,28.2225,454.75,1082.0,0.0050252107376962
23.39,28.3733333333333,457.5,1088.83333333333,0.0050522858020048
23.37,28.39,464.0,1090.6,0.0050491295423263
23.39,28.3233333333333,464.0,1086.0,0.0050433103834894
23.3733333333333,28.445,464.0,1092.5,0.0050600170343187
23.39,28.5,471.5,1103.75,0.0050750246789281
23.3233333333333,28.5,475.666666666667,1104.5,0.0050544759894773
23.365,28.5,471.5,1103.5,0.0050673102981129
23.29,28.5,467.75,1112.0,0.005044229203962
23.3066666666667,28.5333333333333,466.5,1105.66666666667,0.0050553039743009
23.29,28.7,464.0,1104.0,0.0050799164023321
23.29,28.7,467.0,1117.2,0.0050799164023321
23.29,28.675,467.75,1121.25,0.0050754552803882
23.29,28.6166666666667,466.5,1115.66666666667,0.0050650462426913
23.29,28.66,459.0,1120.0,0.0050727786376892
23.29,28.55,464.0,1123.75,0.0050531506227436
23.29,28.6,470.0,1116.0,0.0050620722953919
23.272,28.6,464.0,1126.8,0.0050565269530437
23.2,28.4175,464.0,1112.75,0.0050020157084315
23.23,28.5,449.0,1104.5,0.0050258311747689
23.29,28.5,464.0,1108.0,0.005044229203962
23.215,28.6333333333333,462.333333333333,1127.83333333333,0.005044922648211
23.2,28.6,469.0,1128.75,0.0050343991523748
23.2,28.65,469.0,1124.25,0.0050432719125794
23.2,28.62,469.0,1130.4,0.0050379482263243
23.2,28.7,464.0,1138.0,0.0050521449238929
23.2,28.7,456.5,1144.0,0.0050521449238929
23.2,28.718,457.0,1140.0,0.0050553392694394
23.2,28.79,450.25,1139.25,0.005068116977086
23.2,28.79,446.0,1167.33333333333,0.005068116977086
23.14,28.79,451.6,1159.6,0.0050496184097586
23.15,28.89,454.75,1157.75,0.0050703906066678
23.15,28.89,448.0,1159.5,0.0050703906066678
23.18,28.83,444.0,1156.4,0.0050690343893298
23.1166666666667,28.945,444.0,1160.0,0.0050698094671644
23.14,28.956,444.0,1169.8,0.005078971703222
23.1,29.0,444.0,1176.16666666667,0.0050743621264266
23.1,29.075,444.0,1175.25,0.0050875928180122
23.1,28.918,444.0,1166.6,0.0050598972091709
23.1,27.925,444.0,1140.25,0.0048847835460129
23.06,27.772,444.0,1089.2,0.0048459789069634
23.02,27.556,435.0,1042.6,0.0047962839959834
23.01,27.8188333333333,432.0,1051.1,0.0048394350981285
23.0,28.0816666666667,429.0,1059.6,0.0048825379151409
23.0,27.956,429.0,1064.6,0.0048605176079969
22.9816666666667,27.9083333333333,429.0,1061.66666666667,0.0048467414948576
23.0,27.9266666666667,429.0,1058.33333333333,0.004855377812048
23.0,28.018,429.0,1061.6,0.0048713815449675
22.9816666666667,28.0666666666667,429.0,1070.33333333333,0.0048744541729969
22.945,28.1,429.0,1074.0,0.0048693812467042
23.0,28.1,429.0,1086.25,0.0048857505561061
22.956,28.2,429.0,1089.6,0.0048901279569683
22.9725,28.1,429.0,1085.0,0.0048775598425921
22.945,28.1333333333333,429.0,1085.0,0.004875202773628
23.0,28.2,429.0,1088.0,0.0049032746319414
22.945,28.2,429.0,1091.75,0.0048868461518572
23.0,28.1333333333333,429.0,1091.33333333333,0.0048915918058596
22.912,28.1,429.0,1088.2,0.0048595829050556
22.89,28.1,429.0,1087.5,0.0048530603457478
22.89,27.956,432.0,1079.2,0.0048279975297729
22.865,27.84,432.75,1077.25,0.0048004764264941
22.8733333333333,27.6833333333333,439.0,1064.16666666667,0.0047756842425233
22.8733333333333,27.6,429.0,1056.4,0.0047611982687734
22.89,27.6,432.75,1043.6,0.0047660452801114
22.815,27.445,432.75,1039.5,0.0047174223493656
22.84,27.3733333333333,436.5,1028.66666666667,0.004712199539953
22.79,27.365,438.0,1020.4,0.0046963904496108
22.79,27.2,444.0,1018.0,0.0046678605840467
22.79,27.1714285714286,435.428571428571,1015.14285714286,0.0046629206114276
22.79,27.0666666666667,434.0,1006.33333333333,0.0046448080448021
22.79,27.02,432.0,1002.6,0.0046367400567453
22.772,26.934,438.0,993.2,0.0046167934930926
22.76,26.8233333333333,439.0,983.333333333333,0.0045943146206481
22.7,26.754,432.0,976.2,0.0045655827670159
22.7225,26.7,432.75,980.75,0.0045625692636427
22.7,26.6833333333333,434.0,971.333333333333,0.0045534351851525
22.7,26.5333333333333,444.0,966.666666666667,0.0045276517846181
22.7,26.4633333333333,444.0,963.0,0.0045156202572285
22.7,26.445,441.5,952.333333333333,0.0045124692192727
22.7,26.34,444.0,948.0,0.0044944229761162
22.7,26.26,444.0,945.0,0.004480674155299
22.7,26.2,441.0,941.6,0.0044703629356959
22.7,26.16,438.0,929.8,0.0044634889778606
22.7,26.02,441.0,923.8,0.0044394313133292
22.7,26.1,440.25,919.0,0.0044531783239453
22.7,26.0,439.0,918.25,0.0044359946549457
22.7,25.934,438.0,919.4,0.0044246539498072
22.7,25.9266666666667,439.0,927.333333333333,0.004423393896805
22.7,25.815,432.75,920.25,0.0044042073523612
22.68,25.772,432.0,902.4,0.0043914494315009
22.64,25.696,429.0,904.4,0.0043677176082215
22.6,25.575,429.0,897.0,0.0043363901007296
22.6666666666667,25.6,429.0,892.0,0.004358383194026
22.6,25.525,433.5,882.5,0.0043278533215606
22.62,25.476,436.2,887.2,0.0043247721230379
22.625,25.55,442.5,889.25,0.0043387478042347
22.6,25.39,443.4,889.2,0.0043048051801356
22.65,25.42,438.0,880.75,0.0043231196096785
22.6,25.2675,442.5,868.75,0.0042838925937963
22.6,25.218,439.8,861.0,0.0042754425979387
22.6,25.2,439.8,860.6,0.0042723699287058
22.6,25.2,435.5,864.0,0.0042723699287058
22.6,25.15,430.75,859.0,0.0042638348945876
22.6,25.14,440.6,854.4,0.0042621279156802
22.6,25.15,428.2,847.4,0.0042638348945876
22.6,25.04,432.2,837.2,0.0042450586383824
22.6,25.05,431.75,834.75,0.0042467655242407
22.6,25.06,429.2,832.4,0.0042484724194037
22.6,25.0,433.0,832.0,0.0042382311879931
22.6,25.0,433.0,836.25,0.0042382311879931
22.6,25.0,428.2,832.6,0.0042382311879931
22.6,25.025,428.25,821.5,0.0042424983270408
22.6,25.1,425.4,832.4,0.0042553000931024
22.6,25.08,429.2,832.4,0.0042518862376435
22.56,25.02,433.0,830.75,0.0042312841785683
22.58,25.08,433.0,821.5,0.0042466904885792
22.575,25.075,433.0,818.25,0.0042445402803012
22.56,24.912,433.0,819.8,0.0042128959342023
22.55,25.2,433.0,822.5,0.004259328097087
22.6,24.9175,433.0,818.0,0.0042241500417115
22.58,25.06,433.0,812.8,0.0042432808702461
22.5666666666667,24.9083333333333,433.0,816.5,0.0042139890921346
22.525,24.945,433.0,822.25,0.0042094946154337
22.54,24.89,433.0,825.0,0.0042040055610701
22.5,24.865,433.0,816.5,0.0041894920425526
22.5,24.9175,433.0,811.5,0.0041983974496394
22.5,24.9116666666667,433.0,811.0,0.0041974079474546
22.56,24.81,433.0,812.2,0.0041955302504974
22.525,24.89,426.0,814.25,0.0042001506349515
22.52,24.976,430.2,824.0,0.0042134725650431
22.575,25.075,433.0,834.5,0.0042445402803012
22.6,25.0,433.0,837.0,0.0042382311879931
22.6,25.0214285714286,433.0,841.166666666667,0.0042418887321879
22.6,25.0428571428571,433.0,845.333333333333,0.0042455463191068
22.6,25.1,433.0,854.75,0.0042553000931024
22.6,25.1,428.333333333333,850.333333333333,0.0042553000931024
22.6,25.08,424.6,845.4,0.0042518862376435
22.6,25.1666666666667,433.0,854.333333333333,0.0042666798801117
22.39,24.7225,419.0,772.25,0.0041373769438958
22.39,24.7170833333333,419.0,772.925,0.0041364644217209
22.39,24.7116666666667,419.0,773.6,0.0041355519022058
22.39,24.625,419.0,773.75,0.0041209519516853
22.39,24.754,416.2,771.8,0.0041426836640226
22.39,24.912,418.6,782.8,0.0041693028555172
22.39,25.245,415.0,796.5,0.0042254127412676
22.39,25.0925,310.25,809.0,0.0041997155245303
20.29,22.79,217.2,441.6,0.0033490017585182
20.29,22.8566666666667,413.666666666667,442.666666666667,0.0033588513611057
20.29,22.956,433.0,445.6,0.0033735278445479
20.31,23.2,415.0,470.8,0.0034138217822169
20.33,23.2,412.2,476.6,0.0034180664819794
20.39,23.2,412.2,473.0,0.0034308285007959
20.365,23.245,413.5,473.0,0.0034321868624456
20.39,23.34,403.5,479.75,0.0034516466643212
20.39,23.434,397.4,494.2,0.0034656253518002
20.39,23.5,399.5,498.75,0.0034754405483064
20.39,23.66,397.4,501.0,0.0034992362427287
20.39,23.7,398.333333333333,507.0,0.0035051854492393
20.39,23.7,399.5,518.0,0.0035051854492393
20.445,23.8175,403.0,520.0,0.0035347131807768
20.5,23.89,407.666666666667,523.666666666667,0.0035576589307174
20.5,23.978,412.2,525.2,0.0035708389772613
20.5,24.0333333333333,413.0,531.333333333333,0.0035791267151775
20.5,24.1,414.0,538.0,0.0035891122332562
20.5,24.1,412.2,536.4,0.0035891122332562
20.5,24.1,413.0,538.333333333333,0.0035891122332562
20.5,24.18,412.2,541.0,0.0036010952757464
20.52,24.236,407.4,549.6,0.0036139664870275
20.5,24.3233333333333,407.0,555.166666666667,0.0036225660416438
20.5,24.39,405.0,561.5,0.0036325529465421
20.5,24.39,405.0,569.0,0.0036325529465421
20.56,24.39,405.0,568.2,0.0036461026453667
20.55,24.39,412.0,572.0,0.0036438412730378
20.55,24.39,416.666666666667,573.166666666667,0.0036438412730378
20.58,24.39,419.0,583.0,0.0036506291017165
20.6,24.39,419.0,585.0,0.0036551605108782
20.6666666666667,24.39,419.0,584.666666666667,0.0036703010383817
20.7,24.37,419.0,584.8,0.0036748582924948
20.7,24.39,419.0,591.4,0.0036778920124497
20.7,24.39,419.0,594.333333333333,0.0036778920124497
20.7,24.39,419.0,600.5,0.0036778920124497
20.736,24.39,419.0,601.4,0.0036861058054682
20.73,24.39,419.0,606.0,0.0036847357181037
20.7,24.5,419.0,608.75,0.0036945779980858
20.754,24.5,419.0,616.8,0.0037069610037017
20.79,24.5,419.0,624.2,0.0037152366525241
20.772,24.52,419.0,625.6,0.0037141443512483
20.7675,24.6,419.0,628.75,0.0037252962733365
20.754,24.66,419.0,635.2,0.0037313149543108
20.772,24.7,419.0,640.8,0.0037415736966499
20.79,24.7,421.8,642.4,0.0037457477561034
20.79,24.7,422.5,643.25,0.0037457477561034
20.79,24.736,427.4,643.6,0.0037512400707552
20.79,24.79,433.0,645.25,0.0037594787235127
20.775,24.79,433.0,652.666666666667,0.003755987227288
20.79,24.79,433.0,658.0,0.0037594787235127
20.79,24.79,433.0,665.5,0.0037594787235127
20.79,24.79,433.0,666.333333333333,0.0037594787235127
20.79,24.79,433.0,666.5,0.0037594787235127
20.79,24.79,433.0,668.2,0.0037594787235127
20.79,24.79,433.0,668.0,0.0037594787235127
20.79,24.79,433.0,672.666666666667,0.0037594787235127
20.79,24.79,433.0,672.75,0.0037594787235127
20.79,24.79,433.0,679.2,0.0037594787235127
20.815,24.815,433.0,683.5,0.0037691244531884
20.79,24.79,440.0,688.5,0.0037594787235127
20.84,24.84,434.5,686.0,0.0037787900946656
20.79,24.79,435.5,689.75,0.0037594787235127
20.89,24.89,443.4,700.0,0.0037981812511967
20.83,24.83,439.8,697.6,0.0037749214464498
20.87,24.87,439.8,695.8,0.0037904151966382
20.89,24.8733333333333,441.0,697.333333333333,0.0037956224197766
20.89,24.89,442.5,701.25,0.0037981812511967
20.8733333333333,24.84,441.0,700.666666666667,0.0037865963590005
20.8733333333333,24.775,441.0,694.833333333333,0.003776627631331
20.89,24.84,442.5,709.75,0.003790504819713
20.89,24.8566666666667,435.0,715.0,0.0037930636092822
20.89,24.8233333333333,435.0,715.833333333333,0.0037879460510689
20.89,24.79,429.0,713.8,0.0037828285765548
20.9266666666667,24.79,429.0,709.0,0.0037914221671785
20.89,24.85,429.0,716.2,0.0037920400909435
20.89,24.89,429.0,716.166666666667,0.0037981812511967
20.89,24.945,432.75,725.0,0.003806625543353
20.89,24.9175,429.0,725.0,0.003802403368789
20.89,24.978,435.0,727.6,0.003811692228034
20.89,25.0,435.0,729.4,0.0038150700634007
20.89,25.0,441.0,730.8,0.0038150700634007
20.89,25.0,438.0,731.2,0.0038150700634007
20.9175,25.0,444.0,736.25,0.003821568899283
20.978,25.0,441.0,741.0,0.003835900704312
21.0,24.9633333333333,444.0,742.333333333333,0.003835455618251
21.0,24.912,444.0,742.4,0.0038275200483029
21.025,24.89,444.0,746.75,0.0038300358598088
21.075,24.89,444.0,745.0,0.0038418934925125
21.1,24.89,444.0,742.0,0.00384783443575
21.1,24.89,444.0,740.8,0.00384783443575
21.2,25.1633333333333,444.0,752.666666666667,0.0039144642904838
21.175,25.0404166666667,446.666666666667,751.5,0.0038892134146993
21.15,24.9175,449.333333333333,750.333333333333,0.0038640315940057
21.1833333333333,25.1983333333333,454.666666666667,754.333333333333,0.0039159101544509
21.2,25.34,448.0,765.75,0.003942121131448
21.2,25.3925,454.75,782.0,0.0039503403807421
21.23,25.445,453.0,786.666666666667,0.0039659007660998
21.254,25.578,451.6,792.0,0.0039926757509883
21.2,25.7633333333333,453.0,800.333333333333,0.0040084031306035
21.2,25.89,454.75,804.333333333333,0.0040282382683431
21.2,26.05,449.5,815.2,0.004053294975891
21.2,26.1,460.0,829.75,0.0040611256083473
21.2,26.1571428571429,442.0,837.166666666667,0.0040700751424517
21.2,26.245,439.0,849.0,0.0040838355502687
21.2,26.29,439.0,853.5,0.0040908837982831
21.218,26.31,439.0,863.4,0.004098571172041
21.236,26.412,442.0,864.4,0.0041191429860952
21.23,26.4983333333333,449.0,871.833333333333,0.0041311654861865
21.2225,26.525,454.0,872.25,0.0041334352019068
21.245,26.5833333333333,454.0,876.666666666667,0.004148347084777
21.26,26.5666666666667,454.0,890.333333333333,0.004149571160923
21.29,26.6833333333333,454.0,895.166666666667,0.0041756441532505
21.29,26.76,454.0,901.0,0.0041877224068628
21.29,26.79,454.0,910.25,0.0041924488068543
21.315,26.7675,454.0,918.5,0.0041953744177092
21.3066666666667,26.79,454.0,923.166666666667,0.0041967651136755
21.31,26.79,454.0,926.75,0.0041976288452526
21.3566666666667,26.79,454.0,925.5,0.0042097375619902
21.31,26.83,463.0,927.6,0.0042039386616666
21.29,26.89,457.75,935.0,0.0042082039888021
21.35,26.934,463.0,932.0,0.0042307783312152
21.34,26.945,464.0,935.75,0.0042299063636196
21.315,27.0,469.0,946.75,0.0042320629878612
21.39,27.0,461.0,952.0,0.0042516985370233
21.39,27.1,462.333333333333,959.333333333333,0.0042675536093197
21.39,27.08,461.0,967.0,0.0042643825306353
21.39,27.1,464.0,969.0,0.0042675536093197
21.4175,27.22,464.0,982.5,0.0042938602063287
21.4266666666667,27.23,462.333333333333,983.0,0.0042978783756483
21.412,27.272,453.0,985.4,0.0043006601774516
21.456,27.33,453.0,996.2,0.0043215839798812
21.4816666666667,27.3566666666667,449.0,1004.5,0.0043326829681907
21.5,27.312,458.0,1004.4,0.0043304522996918
21.5,27.315,460.25,1009.25,0.0043309312764995
21.54,27.718,461.0,1019.0,0.0044061336656409
21.55,27.5,464.0,1034.25,0.0043739315327201
21.6,27.4633333333333,464.0,1035.33333333333,0.0043815390080554
21.6,27.4633333333333,464.0,1031.0,0.0043815390080554
21.6,27.4725,467.75,1028.25,0.0043830117764626
21.6,27.456,473.0,1030.0,0.0043803607983161
21.6,27.5,479.0,1032.25,0.0043874301232384
21.6,27.6,479.0,1033.5,0.0044034973642419
21.6,27.54,479.0,1045.0,0.0043938569207289
21.6,27.525,474.0,1040.25,0.0043914468562154
21.6,27.5666666666667,472.333333333333,1044.0,0.0043981415256559
21.625,27.625,477.75,1041.25,0.0044143085475918
21.64,27.716,476.0,1045.8,0.0044330479555312
21.66,27.83,479.0,1054.2,0.0044568997095543
21.6833333333333,27.84,474.0,1054.8,0.0044649246026526
21.65,27.84,474.0,1069.8,0.004455767175565
21.7,27.84,474.0,1073.66666666667,0.0044695095401261
21.7,27.912,474.0,1073.4,0.0044811518930135
21.7,28.0725,474.0,1076.75,0.0045071061955078
21.7,27.9675,474.0,1086.75,0.00449012650204
21.7,27.8933333333333,484.0,1086.66666666667,0.004478133463677
21.7,27.945,479.0,1078.83333333333,0.0044864881160386
21.7,27.912,483.0,1077.6,0.0044811518930135
21.7,27.9725,489.0,1080.5,0.0044909350380017
21.7,27.9175,489.0,1088.75,0.0044820412572048
21.7,27.89,489.0,1083.66666666667,0.0044775944614991
21.7,27.8566666666667,482.0,1076.16666666667,0.0044722044907306
21.7,27.934,480.6,1079.4,0.0044847093649297
21.7,28.1,495.25,1088.0,0.0045115534101789
21.7,27.9083333333333,484.833333333333,1092.5,0.0044805589849554
21.7,27.9616666666667,484.0,1094.66666666667,0.0044891832127225
21.718,27.974,484.0,1091.4,0.0044961581980453
21.7,28.1,484.0,1101.66666666667,0.0045115534101789
21.79,28.0666666666667,484.0,1111.0,0.0045311984761095
21.718,28.1,484.0,1119.4,0.004516556768173
21.76,28.0833333333333,484.0,1122.5,0.0045255449793802
21.7675,28.125,495.25,1127.5,0.0045344011934834
21.73,28.1333333333333,499.0,1131.0,0.004525295746604
21.775,28.05,499.0,1127.83333333333,0.0045243095625387
21.7771428571429,28.0857142857143,499.0,1128.85714285714,0.0045307095371928
21.79,28.125,499.0,1123.5,0.0045406847997138
21.79,28.158,490.6,1127.8,0.0045460514757189
21.79,28.26,502.0,1148.66666666667,0.0045626399646426
21.84,28.1,493.0,1151.5,0.0045505976647987
21.8233333333333,28.1333333333333,493.0,1142.33333333333,0.0045513659847956
21.87,28.252,493.0,1142.0,0.0045838455129758
21.89,28.1833333333333,495.666666666667,1146.0,0.0045782505773474
21.89,28.254,499.4,1142.2,0.0045898147549855
21.89,28.29,509.0,1159.8,0.0045957061039395
21.89,28.31,500.6,1168.0,0.0045989791234505
21.89,28.3757142857143,506.428571428571,1181.14285714286,0.0046097335711671
21.89,28.39,510.0,1180.0,0.0046120715434333
21.89,28.3757142857143,503.0,1183.71428571429,0.0046097335711671
21.89,28.3066666666667,503.0,1189.66666666667,0.0045984336178241
21.89,28.315,503.0,1190.0,0.0045997973836709
21.89,28.31,512.0,1178.8,0.0045989791234505
21.89,28.365,518.0,1173.0,0.0046079801034167
21.912,28.37,518.0,1170.6,0.0046150379424369
21.89,28.39,518.0,1178.6,0.0046120715434333
21.89,28.445,513.0,1193.5,0.0046210728995467
21.89,28.445,513.0,1201.5,0.0046210728995467
21.89,28.5,511.333333333333,1189.66666666667,0.0046300745142748
21.89,28.33,518.2,1190.4,0.0046022521771548
21.9083333333333,28.3083333333333,513.0,1172.66666666667,0.0046038940142612
21.945,28.29,513.0,1177.75,0.0046112742912735
21.934,28.29,519.0,1184.8,0.0046081569361169
22.0,28.29,528.0,1188.25,0.0046268889977576
21.9816666666667,28.29,528.0,1189.5,0.0046216789193868
21.945,28.29,528.0,1191.5,0.0046112742912735
21.978,28.29,532.8,1193.0,0.0046206375251783
22.0,28.29,534.25,1190.0,0.0046268889977576
22.0,28.29,528.0,1198.5,0.0046268889977576
22.0,28.2,523.0,1198.0,0.0046120601636319
22.0,28.218,526.0,1194.2,0.00461502587431
22.0,28.2225,534.25,1185.0,0.0046157673063659
22.0,28.2675,538.0,1194.0,0.004623181723428
22.025,28.2575,538.0,1193.125,0.0046286387715649
22.06,28.274,538.0,1190.4,0.0046413303225926
22.05,28.34,532.25,1192.25,0.004649388734726
22.1,28.39,547.5,1200.5,0.0046719785389612
22.08,28.37,544.2,1198.6,0.0046629317895889
22.1,28.39,536.333333333333,1197.0,0.0046719785389612
22.1,28.365,535.0,1197.5,0.0046678335586324
22.06,28.35,534.2,1203.0,0.0046538994803916
22.1,28.39,533.666666666667,1206.5,0.0046719785389612
22.0833333333333,28.3583333333333,533.666666666667,1207.16666666667,0.0046619541681012
22.1,28.39,535.0,1213.0,0.0046719785389612
22.1,28.3566666666667,547.0,1211.5,0.0046664519107076
22.1,28.372,553.4,1208.2,0.0046689941475974
22.1,28.2,550.5,1209.25,0.0046404780635901
22.1,28.2,543.666666666667,1201.66666666667,0.0046404780635901
22.15,28.1,550.75,1189.75,0.0046381155964408
22.1,28.2,555.0,1191.0,0.0046404780635901
22.1166666666667,28.0666666666667,555.0,1192.16666666667,0.0046231028669724
22.1666666666667,28.0,557.666666666667,1184.33333333333,0.0046262171118887
22.18,28.06,555.0,1176.4,0.0046399995586972
22.1333333333333,28.0,557.666666666667,1175.66666666667,0.0046167615725889
22.16,27.956,556.4,1173.8,0.0046170039021596
22.2,27.9175,555.0,1170.75,0.0046219295107138
22.175,27.945,555.0,1170.25,0.0046194242813307
22.1833333333333,27.8066666666667,555.0,1168.0,0.0045987392591205
22.2,27.8233333333333,555.0,1160.83333333333,0.0046062241357301
22.2,27.79,546.5,1161.0,0.0046006648996179
22.2,27.79,538.0,1166.0,0.0046006648996179
22.2,27.772,543.0,1164.4,0.0045976629531329
22.2,27.7225,550.5,1157.75,0.0045894077486098
22.2,27.772,543.0,1148.6,0.0045976629531329
22.2,27.7225,547.0,1153.75,0.0045894077486098
22.2,27.7,544.2,1152.4,0.0045856554548242
22.175,27.7,543.0,1147.25,0.0045786266438083
22.2,27.7,544.25,1147.5,0.0045856554548242
22.2,27.7,548.0,1144.0,0.0045856554548242
22.2,27.7,543.0,1133.0,0.0045856554548242
22.2,27.6,538.0,1121.2,0.0045689791372681
22.2,27.5166666666667,549.333333333333,1110.83333333333,0.004555082884035
22.2,27.5,547.0,1093.25,0.004552303707355
22.2,27.54,538.6,1093.2,0.0045589737728076
22.2,27.5666666666667,549.333333333333,1102.5,0.0045634205620069
22.2,27.52,548.6,1104.4,0.0045556387223296
22.2,27.58,543.0,1101.75,0.0045656439802763
22.2,27.6,548.5,1098.75,0.0045689791372681
22.2,27.56,555.0,1092.4,0.0045623088587897
22.2,27.5,555.0,1094.0,0.004552303707355
22.254,27.56,556.4,1092.4,0.004577445560063
22.2225,27.575,556.666666666667,1081.66666666667,0.0045711152607044
22.245,27.5833333333333,562.0,1077.0,0.0045788215164063
22.254,27.54,555.6,1074.4,0.0045740993282472
22.29,27.55,558.0,1072.25,0.0045858844460243
22.29,27.5,563.4,1070.4,0.0045775003562574
22.272,27.5,570.0,1071.0,0.0045724512071483
22.29,27.4816666666667,565.833333333333,1078.16666666667,0.0045744262462259
22.29,27.5,553.0,1071.75,0.0045775003562574
22.29,27.445,561.833333333333,1066.83333333333,0.0045682781166551
22.29,27.456,562.4,1068.4,0.0045701225428576
22.29,27.37,560.6,1064.2,0.0045557027728697
22.29,27.3566666666667,559.666666666667,1060.33333333333,0.0045534672090426
22.3066666666667,27.39,569.833333333333,1061.5,0.0045637166788643
22.33,27.37,581.0,1057.0,0.0045668868137189
22.35,27.33,593.0,1057.8,0.0045657563773697
22.39,27.29,601.0,1065.0,0.0045702120879911
22.39,27.29,600.4,1064.2,0.0045702120879911
22.39,27.254,616.0,1061.8,0.0045641389874673
22.39,27.14,579.2,1045.2,0.0045449082791319
22.434,27.04,584.8,1049.6,0.0045402593448461
22.4266666666667,27.0333333333333,609.666666666667,1041.33333333333,0.0045370937523743
22.4266666666667,27.0333333333333,625.666666666667,1038.0,0.0045370937523743
22.4266666666667,26.9816666666667,629.666666666667,1035.16666666667,0.0045283592343291
22.5,27.0,617.0,1040.0,0.0045518496783126
22.5,27.0,624.8,1036.25,0.0045518496783126
22.5,26.9633333333333,641.333333333333,1033.25,0.0045456229790119
22.5,26.89,659.4,1037.0,0.0045331699516905
22.58,26.81,644.6,1031.2,0.004541763045867
22.575,26.79,653.0,1033.0,0.004536962355304
22.6,26.79,659.0,1032.25,0.0045439053923442
22.6,26.79,660.0,1030.16666666667,0.0045439053923442
22.6,26.7225,668.5,1033.0,0.0045323731576807
22.6666666666667,26.7133333333333,652.5,1030.33333333333,0.0045493137916904
22.675,26.675,652.75,1028.5,0.0045450525434806
22.7,26.7,654.2,1020.4,0.0045563001384298
22.7,26.6833333333333,656.166666666667,1023.66666666667,0.0045534351851525
22.7225,26.6,650.75,1021.25,0.0045453561141787
22.745,26.6,663.75,1014.75,0.0045516089930389
22.745,26.55,651.0,1017.0,0.0045429908478618
22.79,26.5166666666667,648.333333333333,1014.16666666667,0.0045497342451243
22.79,26.6,651.0,1022.5,0.0045641375118578
22.79,26.525,651.0,1027.25,0.0045511745419988
22.84,26.5,651.0,1022.0,0.0045607566708699
22.87,26.456,657.8,1019.0,0.0045614743592811
22.89,26.445,668.0,1020.75,0.0045651328044638
22.89,26.39,668.0,1015.5,0.0045555687565344
22.9083333333333,26.39,663.666666666667,1016.0,0.0045606681018561
22.956,26.39,664.6,1011.0,0.004573949962762
22.9633333333333,26.29,668.0,1018.66666666667,0.0045585293816626
23.0,26.29,662.333333333333,1006.33333333333,0.0045687340464621
22.956,26.236,647.8,1008.2,0.0045470633523686
23.0,26.2,651.666666666667,1009.33333333333,0.0045529791622493
23.0,26.2,651.666666666667,1006.16666666667,0.0045529791622493
23.02,26.16,650.0,1004.4,0.0045515239429364
23.025,26.125,653.75,999.75,0.0045467755876304
23.05,26.0833333333333,660.0,994.166666666667,0.0045463940091089
23.1,26.0,656.0,992.5,0.0045455918821767
23.1,26.0,660.0,995.666666666667,0.0045455918821767
23.1,26.0,655.0,994.0,0.0045455918821767
23.14,26.0,660.0,990.2,0.0045566817929649
23.18,26.0,655.0,993.4,0.0045677955505451
23.2,26.0,650.0,998.5,0.0045733613857187
23.2,26.0,651.666666666667,997.25,0.0045733613857187
23.2,25.945,653.166666666667,992.5,0.0045636159861647
23.2225,25.9175,653.75,996.5,0.0045649919279955
23.2225,25.815,659.75,993.75,0.004546806065298
23.2,25.7,538.75,917.25,0.0045202083435184
23.2,25.7225,547.0,899.75,0.0045241945088667
23.2,25.54,543.0,894.4,0.0044918637415729
23.1833333333333,25.5166666666667,561.833333333333,880.333333333333,0.0044831792313445
23.15,25.5,597.75,879.75,0.0044711458235111
23.2,25.5,561.5,870.5,0.0044847779918154
23.2,25.5,598.4,866.2,0.0044847779918154
23.18,25.5,609.6,866.4,0.0044793207343888
23.2,25.525,587.0,869.75,0.0044892065666306
23.2,25.58,596.8,874.2,0.0044989496516164
23.175,25.6,595.0,877.5,0.0044956448752989
23.1833333333333,25.7,608.333333333333,879.0,0.0045156240325395
23.2,25.68,611.6,875.5,0.004516665128013
23.2,25.7,610.2,881.333333333333,0.0045202083435184
23.218,25.7,616.6,882.4,0.0045251640070793
23.23,25.715,608.333333333333,883.0,0.0045311327733546
23.254,25.68,609.0,884.5,0.0045315347398536
23.2675,25.7225,599.0,888.25,0.0045428194805045
23.272,25.772,594.8,889.4,0.0045528720815424
23.29,25.79,585.75,895.0,0.0045610677669552
23.29,25.79,584.8,894.4,0.0045610677669552
23.29,25.79,592.75,898.25,0.0045610677669552
23.29,25.79,586.5,898.0,0.0045610677669552
23.29,25.79,585.0,898.8,0.0045610677669552
23.29,25.79,576.75,901.0,0.0045610677669552
23.29,25.79,566.0,900.142857142857,0.0045610677669552
23.29,25.7675,560.0,898.25,0.0045570593956571
23.29,25.754,566.0,895.6,0.0045546543974956
23.29,25.7933333333333,569.333333333333,892.333333333333,0.004561661604102
23.29,26.16,561.0,911.166666666667,0.0046269905630219
23.29,25.89,561.0,912.0,0.0045788833710267
23.29,25.89,561.0,913.0,0.0045788833710267
23.29,26.0591666666667,558.3,921.4,0.0046090237412997
23.29,26.2283333333333,555.6,929.8,0.0046391670114012
23.29,26.456,558.8,951.8,0.0046797387885272
23.29,26.575,546.0,956.75,0.0047009475036472
23.29,26.62,546.0,968.0,0.0047089679800719
23.29,26.754,542.8,966.0,0.0047328523924129
23.29,26.79,544.8,971.8,0.0047392694104543
23.29,26.87,541.4,983.0,0.0047535299210218
23.33,26.956,538.0,993.6,0.0047804825440091
23.29,27.0,538.4,999.6,0.0047767046348402
23.35,27.08,538.4,1005.4,0.0048084904595972
23.315,27.1,534.5,1013.75,0.0048018326221626
23.29,27.14,538.8,1019.8,0.0048016639356532
23.29,27.26,531.0,1023.0,0.0048230592042788
23.29,27.4083333333333,526.833333333333,1027.5,0.004849508152265
23.29,27.4175,526.75,1038.5,0.0048511427110445
23.29,27.5,519.666666666667,1049.0,0.00486585412367
23.29,27.5,505.8,1051.8,0.00486585412367
23.3185714285714,27.5857142857143,493.0,1056.0,0.0048896351270724
23.29,27.65,503.5,1054.5,0.0048926039157939
23.29,27.772,496.2,1066.6,0.0049143620969437
23.29,27.7,513.0,1074.0,0.0049015210204977
23.29,27.79,520.5,1068.25,0.0049175724482522
23.33,27.874,528.0,1075.6,0.0049445784464558
23.29,27.9175,516.75,1085.25,0.0049403133780148
23.29,27.9633333333333,513.0,1096.33333333333,0.0049484886251861
23.3042857142857,28.0142857142857,503.714285714286,1099.14285714286,0.0049618904381021
23.3233333333333,28.1,503.0,1108.83333333333,0.0049829676608068
23.29,28.1,498.0,1117.0,0.0049728669916131
23.29,28.236,481.6,1116.0,0.0049971283212675
23.29,28.35,484.0,1120.2,0.0050174664707096
23.29,28.39,483.4,1120.6,0.0050246029762002
23.29,28.5333333333333,485.0,1129.33333333333,0.0050501767882762
23.29,28.575,478.0,1132.25,0.0050576114273337
23.29,28.6,478.75,1132.5,0.0050620722953919
23.29,28.6833333333333,474.0,1142.83333333333,0.0050769423139835
23.29,28.772,473.0,1152.0,0.0050927647881818
23.29,28.79,474.0,1156.75,0.0050959769669114
23.29,28.89,479.0,1159.33333333333,0.0051138230035603
23.254,28.912,476.0,1160.8,0.0051065410258791
23.245,28.92,467.75,1160.0,0.0051051661578754
23.236,28.978,464.0,1167.0,0.0051126851290711
23.2,29.05,464.0,1171.0,0.0051142630350351
23.2225,29.15,464.0,1175.5,0.0051390540634371
23.2,29.2,453.0,1181.0,0.0051408888503685
23.2,29.2,464.0,1192.0,0.0051408888503685
23.2,29.2,464.0,1197.75,0.0051408888503685
23.2,29.254,461.0,1198.2,0.0051504746973752
23.2,29.33,464.0,1196.5,0.0051639663859078
23.2,29.3566666666667,464.0,1203.25,0.0051687004492823
23.14,29.456,469.0,1209.0,0.005167401845128
23.125,29.4725,469.0,1212.25,0.0051655939142991
23.1,29.5,463.0,1219.6,0.0051625772841293
23.1,29.55,465.25,1218.75,0.005171400165005
23.1,29.6,466.0,1221.6,0.0051802232941235
23.1,29.62,469.0,1219.8,0.0051837526152813
23.1,29.7,466.5,1224.66666666667,0.0051978702971311
23.1,29.745,469.0,1233.75,0.0052058117724775
23.1,29.84,469.0,1235.75,0.0052225777697639
23.1,29.84,469.0,1239.5,0.0052225777697639
23.0857142857143,29.89,465.666666666667,1245.0,0.0052268457571293
23.0666666666667,29.8566666666667,464.0,1247.25,0.0052149047414537
23.025,29.9175,469.0,1246.0,0.0052123506273709
23.0166666666667,29.9633333333333,462.333333333333,1245.16666666667,0.0052177486012466
23.0,30.0,465.0,1254.6,0.0052188756172485
23.0,30.0,461.0,1261.2,0.0052188756172485
23.0,30.0,464.0,1261.0,0.0052188756172485
23.0,30.0166666666667,462.333333333333,1263.66666666667,0.0052217993333571
23.0,30.06,461.0,1270.2,0.0052294011228046
23.0,30.075,464.0,1273.25,0.005232032554391
23.0,30.12,461.0,1280.2,0.0052399269816285
23.0,30.15,469.0,1284.5,0.0052451900435214
23.0,30.23,462.333333333333,1285.16666666667,0.0052592253070464
23.0,30.29,462.333333333333,1290.66666666667,0.0052697521668924
22.9685714285714,30.3042857142857,460.428571428571,1294.57142857143,0.0052621521240719
22.9175,30.29,464.0,1294.0,0.0052432718125789
22.912,30.29,461.0,1301.0,0.0052415106406443
22.9083333333333,30.3066666666667,462.333333333333,1313.16666666667,0.0052432445476293
22.89,30.34,464.0,1312.75,0.0052431846044822
22.945,30.39,469.0,1311.5,0.0052695717490731
22.9266666666667,30.3733333333333,469.0,1317.6,0.0052607636134051
22.9633333333333,30.39,469.0,1327.5,0.0052754745659686
22.9371428571429,30.3914285714286,469.0,1330.28571428571,0.0052672934458745
22.934,30.456,466.0,1330.0,0.0052775664932054
22.9175,30.5,465.25,1328.75,0.005279931892097
22.9371428571429,30.4057142857143,456.142857142857,1330.0,0.0052697903527578
22.956,30.412,454.0,1321.8,0.0052769624487223
22.89,30.445,454.0,1321.5,0.0052614835939703
22.934,30.6,454.0,1331.6,0.0053027322581888
22.9083333333333,30.6,454.0,1336.83333333333,0.0052944250332291
22.89,30.68,454.0,1340.0,0.0053024423443488
22.945,30.7,454.0,1350.75,0.0053237852789665
22.89,30.675,454.0,1356.0,0.0053015708258811
22.89,30.675,454.0,1351.75,0.0053015708258811
22.89,30.745,454.0,1360.16666666667,0.0053137723048012
22.89,30.79,454.0,1364.2,0.0053216163633288
22.89,30.754,454.0,1363.2,0.0053153411008135
22.89,30.79,454.0,1363.16666666667,0.0053216163633288
22.89,30.79,454.0,1367.0,0.0053216163633288
22.89,30.79,454.0,1368.5,0.0053216163633288
22.912,30.79,454.0,1365.8,0.0053287740197324
22.89,30.89,454.0,1361.6,0.0053390483068484
22.89,30.865,465.25,1372.0,0.0053346902301447
22.89,30.89,465.25,1385.25,0.0053390483068484
22.89,30.89,469.0,1386.4,0.0053390483068484
22.89,30.89,469.0,1393.16666666667,0.0053390483068484
22.89,30.85,469.0,1393.0,0.0053320754131866
22.89,30.79,460.0,1389.0,0.0053216163633288
22.89,30.79,454.0,1385.2,0.0053216163633288
22.89,30.8566666666667,454.0,1377.33333333333,0.0053332375513658
22.89,30.8566666666667,454.0,1383.83333333333,0.0053332375513658
22.89,30.83,442.0,1388.6,0.0053285890244833
22.89,30.865,449.5,1377.5,0.0053346902301447
22.89,30.89,451.6,1374.0,0.0053390483068484
22.89,30.89,451.6,1377.6,0.0053390483068484
22.89,30.89,456.8,1373.0,0.0053390483068484
22.865,30.84,444.0,1372.25,0.0053221954035931
22.89,30.89,444.0,1376.0,0.0053390483068484
22.84,30.84,444.0,1361.75,0.0053140695648421
22.79,30.81,444.0,1356.6,0.005292653347601
22.79,30.84,444.0,1363.0,0.0052978507509419
22.79,30.83,444.0,1363.8,0.0052961182735921
22.79,30.89,444.0,1363.5,0.0053065132812363
22.79,30.89,444.0,1369.33333333333,0.0053065132812363
22.79,30.9175,444.0,1366.25,0.0053112777748779
22.79,30.89,444.0,1372.57142857143,0.0053065132812363
22.79,30.89,444.0,1361.66666666667,0.0053065132812363
22.79,30.89,444.0,1367.25,0.0053065132812363
22.79,30.89,444.0,1359.0,0.0053065132812363
22.79,30.934,444.0,1363.8,0.0053141365058026
22.79,30.89,444.0,1353.75,0.0053065132812363
22.79,31.0,444.0,1356.33333333333,0.0053255716900577
22.79,31.0,444.0,1363.8,0.0053255716900577
22.772,31.02,444.0,1364.0,0.0053231743193384
22.79,31.05,444.0,1373.33333333333,0.0053342349859866
22.7675,31.125,440.25,1374.25,0.0053398777145522
22.79,31.0833333333333,444.0,1369.0,0.0053400106495396
22.79,31.075,444.75,1360.75,0.0053385667236811
22.79,31.1142857142857,441.285714285714,1359.5,0.0053453738609227
22.745,31.15,447.0,1366.33333333333,0.0053368538918353
22.772,31.2,439.8,1377.0,0.005354329043789
22.79,31.2,441.0,1379.5,0.0053602263095028
22.745,31.2,442.5,1379.25,0.0053454938902884
22.7225,31.2,442.5,1381.5,0.0053381411016339
22.745,31.29,438.0,1381.0,0.0053610464872508
22.73,31.1666666666667,441.0,1374.0,0.0053348363405453
22.73,31.2133333333333,441.0,1372.5,0.005342892946506
22.7,31.1,442.5,1369.75,0.0053135653993026
22.7,31.12,443.4,1368.6,0.0053170116932488
22.715,31.2,441.0,1368.33333333333,0.005335692158042
22.7,31.1666666666667,441.0,1365.33333333333,0.0053250531930487
22.715,31.2,441.0,1370.5,0.005335692158042
22.715,31.2,441.0,1366.33333333333,0.005335692158042
22.7,31.2,442.5,1373.5,0.0053307972477025
22.745,31.2225,438.0,1378.5,0.0053493819672367
22.7,31.272,441.0,1377.16666666667,0.0053432047647541
22.7,31.245,447.0,1401.16666666667,0.0053385518883447
22.7,31.2675,442.5,1395.33333333333,0.0053424292805595
22.7,31.29,447.0,1401.0,0.0053463067207047
22.7,31.29,444.0,1400.5,0.0053463067207047
22.7,31.29,447.0,1394.0,0.0053463067207047
22.7,31.29,447.0,1394.6,0.0053463067207047
22.7,31.29,447.0,1389.66666666667,0.0053463067207047
22.7,31.29,447.0,1377.2,0.0053463067207047
22.7,31.29,447.0,1387.0,0.0053463067207047
22.7,31.3757142857143,439.0,1393.42857142857,0.0053610783603626
22.7,31.39,447.0,1393.75,0.0053635403679369
22.7,31.39,441.4,1392.6,0.0053635403679369
22.7,31.37,438.6,1394.2,0.0053600935627436
22.7,31.4175,440.0,1396.25,0.0053682797869201
22.7,31.39,443.5,1390.5,0.0053635403679369
22.7225,31.365,436.5,1397.5,0.0053666152287209
22.7,31.4175,433.0,1398.25,0.0053682797869201
22.7,31.4725,433.0,1402.25,0.0053777588397133
22.7,31.3785714285714,433.0,1398.0,0.0053615707603316
22.7,31.29,433.0,1384.25,0.0053463067207047
22.7,31.29,433.0,1387.33333333333,0.0053463067207047
22.7,31.29,433.0,1392.5,0.0053463067207047
22.7,31.236,433.0,1384.8,0.0053370009448791
22.7225,31.315,433.0,1388.0,0.0053579864324049
22.7,31.27,433.0,1384.6,0.0053428601048754
22.7,31.275,433.0,1373.33333333333,0.0053437217552823
22.7,31.18,433.0,1368.8,0.0053273508022875
22.7,31.2,433.0,1364.0,0.0053307972477025
22.7,31.15,433.0,1357.5,0.0053221812051675
22.7,31.2,433.0,1352.0,0.0053307972477025
22.7,31.2,433.0,1357.0,0.0053307972477025
22.7,31.1,433.0,1361.75,0.0053135653993026
22.7,31.1,433.0,1356.0,0.0053135653993026
22.7,31.1,433.0,1344.25,0.0053135653993026
22.7,31.05,433.0,1357.75,0.0053049498300978
22.7,31.1,433.0,1355.75,0.0053135653993026
22.7,31.1,433.0,1354.66666666667,0.0053135653993026
22.7,31.0166666666667,433.0,1343.33333333333,0.0052992062487676
22.7,31.05,433.0,1334.16666666667,0.0053049498300978
22.7225,30.9725,433.0,1340.25,0.0052988855587815
22.736,30.934,433.0,1336.8,0.0052966151562091
22.7675,31.0,433.0,1335.75,0.0053182490601398
22.73,31.0,433.0,1342.33333333333,0.0053060644369979
22.718,31.0,433.0,1348.8,0.0053021705683815
22.7,31.0,433.0,1353.25,0.0052963344975434
22.7,30.912,433.0,1339.0,0.0052811720869946
22.7,30.945,433.0,1338.25,0.0052868579050532
22.7,30.956,433.0,1347.6,0.0052887532006451
22.7,30.9725,433.0,1338.75,0.0052915961655072
22.7,30.89,433.0,1318.0,0.0052773815988853
22.7,30.8733333333333,433.0,1311.16666666667,0.0052745100474819
22.66,30.83,433.0,1306.5,0.0052541676090938
22.68,30.87,433.0,1316.66666666667,0.0052674854976067
22.7,30.89,433.0,1306.33333333333,0.0052773815988853
22.7,30.79,429.5,1300.5,0.0052601526848178
22.675,30.7225,433.0,1298.66666666667,0.0052405011576986
22.675,30.745,424.6,1298.2,0.005244371462553
22.7,30.7675,426.0,1292.5,0.0052562763095809
22.675,30.7225,426.0,1288.5,0.0052405011576986
22.7,30.7,433.0,1299.66666666667,0.0052446474713303
22.65,30.65,423.666666666667,1285.33333333333,0.0052200380105181
22.7,30.675,426.0,1286.0,0.005240340603621
22.6,30.5833333333333,419.0,1284.33333333333,0.0051926715163274
22.6,30.575,422.5,1275.25,0.0051912448106525
22.6,30.6,419.0,1273.8,0.0051955249471496
22.6,30.6,419.0,1271.8,0.0051955249471496
22.6,30.55,419.0,1273.33333333333,0.0051869647325725
22.6,30.58,419.0,1261.75,0.0051921008332785
22.6,30.5666666666667,419.0,1258.5,0.0051898181114685
22.6,30.4725,419.0,1251.5,0.0051736968617514
22.6,30.445,419.0,1241.33333333333,0.0051689890425229
22.6,30.4725,419.0,1238.75,0.0051736968617514
22.6,30.37,419.0,1246.8,0.0051561498947578
22.6,30.315,419.0,1240.75,0.0051467348538211
22.6,30.365,419.0,1240.25,0.0051552939702641
22.6,30.275,426.0,1239.0,0.0051398877288723
22.6,30.245,422.5,1235.25,0.0051347524832774
22.6,30.254,424.6,1229.8,0.0051362930481255
22.6,30.18,419.0,1220.6,0.0051236264063212
22.6,30.1666666666667,419.0,1214.16666666667,0.0051213441829206
22.6,30.1,419.0,1214.0,0.0051099333150766
22.6,30.14,419.0,1217.8,0.0051167797859518
22.6,30.1,419.0,1211.8,0.0051099333150766
22.6,30.1,419.0,1217.2,0.0051099333150766
22.6,30.1,415.5,1211.5,0.0051099333150766
22.6,30.1816666666667,419.0,1207.33333333333,0.0051239116854142
22.6,30.1,419.0,1204.75,0.0051099333150766
20.39,23.7,311.75,474.75,0.0035051854492393
20.4175,23.7225,426.0,473.5,0.0035145287472435
20.4725,23.7675,433.0,473.75,0.0035332771237747
20.4816666666667,23.89,423.666666666667,484.5,0.0035536132694734
20.5,23.89,419.0,492.4,0.0035576589307174
20.5,23.89,419.0,491.0,0.0035576589307174
20.5,23.89,419.0,487.2,0.0035576589307174
20.55,23.945,415.5,493.25,0.0035769763986099
20.52,24.0,409.8,499.6,0.0035785727304001
20.525,24.0,414.6,506.2,0.0035796831529506
20.6333333333333,24.23,398.333333333333,537.333333333333,0.0036385556129764
20.66,24.2,406.2,538.8,0.0036400371297586
20.625,24.175,414.0,538.5,0.0036283729428486
20.66,24.216,412.2,535.8,0.0036424578592386
20.675,24.34,411.0,538.75,0.0036646250528121
20.7,24.5,408.0,546.25,0.0036945779980858
20.7,24.65,405.0,554.666666666667,0.0037173330491887
20.7,24.7,405.0,565.333333333333,0.0037249184340265
20.7,24.7675,405.0,573.0,0.0037351589952908
20.7128571428571,24.79,405.0,581.142857142857,0.0037415528913617
20.7,24.79,405.0,587.25,0.0037385725901998
20.754,24.87,413.4,588.2,0.0037632823916923
20.775,24.89,416.666666666667,589.5,0.003771230309359
20.772,24.956,419.0,592.0,0.0037805884637298
20.79,24.978,419.0,599.8,0.003788163132972
20.79,25.0,419.0,605.4,0.0037915199910604
20.79,24.9975,419.0,611.25,0.0037911385281003
20.81,25.02,419.0,616.4,0.0037992752515078
20.865,25.075,419.0,621.0,0.0038206681934445
20.8233333333333,25.0333333333333,419.0,622.666666666667,0.0038044525267957
20.8566666666667,25.0666666666667,419.0,624.0,0.0038174206090967
20.84,25.05,419.0,623.75,0.0038109321194959
20.87,25.16,433.0,632.4,0.0038348863487839
20.89,25.2,433.0,639.0,0.0038457793302435
20.8733333333333,25.275,433.0,646.0,0.0038533183278296
20.84,25.1975,433.0,649.5,0.003833510039615
20.89,25.272,433.0,649.8,0.0038568354041125
20.865,25.365,433.0,656.75,0.0038651299636758
20.84,25.34,433.0,660.75,0.0038553241537889
20.8733333333333,25.3733333333333,437.666666666667,659.333333333333,0.0038684030434505
20.87,25.37,440.6,671.6,0.0038670935427661
20.84,25.34,442.5,673.5,0.0038553241537889
20.865,25.365,438.0,678.25,0.0038651299636758
20.89,25.39,441.0,681.0,0.0038749559254609
20.89,25.35,429.0,683.0,0.0038688132582931
20.89,25.33,429.0,689.4,0.0038657419699246
20.89,25.34,429.0,694.25,0.0038672776103409
20.912,25.39,435.0,690.4,0.0038802363183598
20.945,25.39,444.0,697.333333333333,0.0038881688038662
20.9725,25.39,444.0,710.25,0.0038947901273919
21.0,25.245,460.0,714.5,0.0038790017755085
21.0,25.2,454.75,711.0,0.0038720442903933
21.0,25.2,453.0,705.0,0.0038720442903933
21.0,25.2,451.6,711.0,0.0038720442903933
21.025,25.2225,454.75,713.5,0.0038815197478221
21.0833333333333,25.2,453.0,719.5,0.0038920471471255
21.0666666666667,25.2,458.0,727.666666666667,0.0038880393032845
21.1166666666667,25.2,458.0,728.666666666667,0.0039000737635097
21.15,25.2225,459.25,731.25,0.003911626302926
21.2,25.2283333333333,454.0,738.5,0.0039246396364619
21.2,25.18,454.0,740.2,0.0039170733220162
21.2,25.1,454.0,735.75,0.0039045501690233
21.2,25.14,454.0,735.0,0.0039108116828793
21.215,25.215,456.5,746.166666666667,0.0039261877375802
21.2,25.2,465.25,762.75,0.0039202041885661
21.2,25.2,469.0,766.2,0.0039202041885661
21.2,25.218,469.0,763.4,0.0039230219952411
21.2,25.3566666666667,462.333333333333,778.0,0.0039447303935529
21.2,25.37,470.2,778.4,0.0039468178188994
21.2225,25.34,475.75,774.75,0.0039476026942745
21.236,25.33,471.0,774.0,0.0039493258035501
21.29,25.4725,480.25,778.0,0.0039849482891442
21.29,25.4266666666667,487.0,779.0,0.0039777322137454
21.272,25.412,503.6,780.6,0.0039710085054068
21.29,25.575,509.5,786.25,0.0040010866598433
21.29,25.6725,527.25,800.75,0.0040164385651885
21.34,25.79,524.5,814.0,0.0040474111875209
21.412,25.872,529.8,832.0,0.0040784394636053
21.5,26.0,534.0,849.25,0.0041210499692655
21.5,26.08,544.0,860.6,0.0041338143953677
21.6,26.15,538.0,871.0,0.0041706030151391
21.66,26.216,553.0,879.5,0.0041966779792842
21.7,26.2675,542.5,894.0,0.0042153452030233
21.7225,26.2225,547.0,905.5,0.0042139062349477
21.79,26.39,559.2,911.2,0.0042586571674579
21.81,26.274,567.8,919.2,0.0042450290340262
21.865,26.315,554.0,923.5,0.0042661023632274
21.89,26.315,563.0,931.75,0.004272663746396
21.89,26.315,564.5,934.75,0.004272663746396
21.945,26.2225,577.5,934.75,0.0042719569093322
22.0,26.12,578.8,939.0,0.0042695447669613
22.0,26.0666666666667,581.666666666667,936.666666666667,0.0042607672445311
22.0857142857143,26.1285714285714,580.0,936.428571428571,0.0042934910708034
22.1,26.1,596.0,936.5,0.0042925257291634
22.1,26.1,594.8,937.6,0.0042925257291634
22.14,25.998,603.4,937.8,0.0042861421383273
22.29,25.89,612.0,937.333333333333,0.0043076525433806
22.29,25.8566666666667,611.0,943.666666666667,0.0043020680880472
22.3233333333333,25.8066666666667,617.0,946.166666666667,0.004302470340926
22.39,25.7,624.75,944.5,0.0043020956608088
22.39,25.68,630.4,944.4,0.0042987245884235
22.445,25.65,632.5,948.0,0.0043081502550463
22.5,25.6666666666667,652.0,940.333333333333,0.0043255037974044
22.5,25.6,643.5,944.333333333333,0.0043141907961488
22.5666666666667,25.6,648.666666666667,942.166666666667,0.0043318201226433
22.6,25.6,767.0,948.666666666667,0.0043406585775812
22.6,25.4725,1419.5,945.0,0.004318889953881
22.7,25.5,1697.25,951.75,0.0043500904484976
22.7,25.456,1209.8,958.6,0.0043425320061988
22.7225,25.4175,685.75,956.25,0.0043418823142618
22.7675,25.315,684.75,952.25,0.0043361517034868
22.79,25.456,679.4,954.6,0.0043664673019551
22.8233333333333,25.3933333333333,683.0,961.666666666667,0.0043645150052348
22.89,25.39,692.0,961.75,0.0043817278767081
22.89,25.39,693.8,953.8,0.0043817278767081
22.9083333333333,25.39,689.0,956.333333333333,0.0043866312682208
22.9725,25.39,693.75,970.0,0.0044038312499674
23.0,25.39,686.5,971.25,0.0044112208499363
23.025,25.4175,698.25,986.25,0.0044227672705716
23.1,25.5,694.833333333333,985.0,0.004457550194238
23.1,25.5,690.0,997.0,0.004457550194238
23.2,25.5,696.8,1003.8,0.0044847779918154
23.2,25.5,710.0,1004.83333333333,0.0044847779918154
23.2,25.5,722.0,1011.4,0.0044847779918154
23.29,25.6,732.0,1022.5,0.0045272209101786
23.29,25.6,735.0,1029.83333333333,0.0045272209101786
23.31,25.6,719.2,1031.0,0.0045327323050573
23.39,25.6,723.333333333333,1040.0,0.0045548370749068
23.365,25.6,729.0,1040.5,0.00454791914921
23.39,25.6,738.0,1042.0,0.0045548370749068
23.456,25.66,738.0,1052.4,0.0045839422867671
23.5,25.718,734.4,1062.8,0.0046066785715188
23.58,25.736,738.0,1067.75,0.0046323779666775
23.6,25.89,747.0,1072.25,0.0046659670837691
23.64,25.954,745.2,1095.2,0.0046889588196226
23.6666666666667,26.0666666666667,746.333333333333,1109.0,0.0047170952592893
23.7,26.12,737.8,1119.0,0.0047363894614559
23.718,26.1,745.0,1123.4,0.0047379058411597
23.79,26.125,740.5,1122.5,0.0047632311174623
23.745,26.2,754.0,1123.0,0.004763993009763
23.79,26.31,763.0,1158.2,0.0047972213207179
23.79,26.315,758.25,1160.25,0.0047981400260263
23.89,26.39,755.5,1166.0,0.0048411748526051
23.89,26.365,758.25,1164.75,0.0048365530082492
23.89,26.29,772.75,1163.25,0.0048226878841074
23.9842857142857,26.3757142857143,767.0,1172.71428571429,0.0048662443277401
24.0,26.365,774.5,1182.0,0.0048688822036012
24.05,26.34,774.5,1182.0,0.0048789730481294
24.08,26.37,769.8,1187.6,0.0048934490118526
24.1,26.5666666666667,758.333333333333,1191.33333333333,0.0049362032071249
24.1,26.4725,775.75,1213.75,0.0049185682702663
24.1,26.154,775.0,1194.0,0.0048589289595896
24.1,25.958,783.4,1173.4,0.0048222334849653
24.1,25.918,789.6,1160.2,0.0048147451404422
24.1,25.8925,797.5,1156.25,0.0048099714141955
24.1,25.832,799.0,1139.0,0.0047986458055674
24.175,25.84,782.5,1140.5,0.004821963274977
24.2,25.8916666666667,786.166666666667,1145.33333333333,0.0048389871176836
24.2,25.89,794.25,1149.25,0.004838673205186
24.2,25.89,797.5,1152.5,0.004838673205186
24.2,25.89,787.0,1153.25,0.004838673205186
24.218,25.912,805.0,1152.4,0.0048480885145136
24.26,25.8916666666667,798.0,1146.16666666667,0.0048565649052207
24.29,25.978,793.0,1145.4,0.0048817253499669
24.29,25.852,801.4,1140.8,0.0048578627990751
24.29,25.7,808.0,1150.25,0.0048290786472953
24.33,25.736,809.8,1129.2,0.0048475924074033
24.33,25.7,817.0,1125.8,0.0048407587312725
24.3566666666667,25.7,813.0,1123.0,0.0048485592812755
24.4083333333333,25.6816666666667,798.0,1124.0,0.0048602077036219
