Temperature,Humidity,Light,CO2,HR,prediction,truth
20.81,24.956,0.0,541.6,0.0037894976729742,0,0
21.0,25.39,444.0,718.0,0.0039014213909368,0,0
20.625,24.4175,0.0,457.5,0.0036649836944551,0,0
20.89,25.2,0.0,561.4,0.0038457793302435,0,0
20.7,25.0,0.0,496.0,0.0037704346054599,0,0
21.5,24.2,0.0,636.25,0.0038339879085467,0,0
20.7,24.5333333333333,0.0,469.0,0.0036996345330797,0,0
20.625,24.05,0.0,468.75,0.0036095030948267,0,0
21.0,26.0,0.0,605.25,0.0039957559880805,0,0
21.64,24.236,0.0,658.2,0.0038729719939613,0,0
20.55,22.29,0.0,448.5,0.003328424538982,0,0
20.56,22.2,0.0,447.8,0.0033169699431442,0,0
22.39,25.0,0.0,805.5,0.0041841297156888,0,0
20.6,24.2,0.0,462.2,0.0036265205104997,0,0
21.6,24.2,0.0,656.0,0.0038576731827532,0,0
20.39,22.5,0.0,436.5,0.0033267584676934,0,0
21.2,23.79,0.0,577.333333333333,0.0036995548034611,0,0
20.6,22.2,0.0,450.5,0.0033252058118989,0,0
21.7,28.865,0.0,961.75,0.0046352921487654,0,0
21.89,29.2,0.0,1032.33333333333,0.0047446631160775,0,0
20.39,22.5,0.0,431.5,0.0033267584676934,0,0
20.718,25.04,0.0,513.6,0.0037807195315116,0,0
20.39,22.5,0.0,435.6,0.0033267584676934,0,0
20.79,24.9266666666667,0.0,538.666666666667,0.00378033060415,0,0
20.6,24.175,0.0,462.5,0.0036227522845972,0,0
20.4633333333333,22.3566666666667,0.0,441.333333333333,0.0033205330635637,0,0
20.89,25.7225,0.0,584.5,0.0039260215135746,0,0
21.0,26.0,0.0,614.75,0.0039957559880805,0,0
20.39,22.39,0.0,433.5,0.0033104077541291,0,0
20.89,25.0,0.0,549.333333333333,0.0038150700634007,0,0
20.7,25.1,0.0,494.75,0.0037856081341577,0,0
20.89,22.79,0.0,473.0,0.0034759331976165,0,0
20.625,24.4175,0.0,467.75,0.0036649836944551,0,0
20.76,22.6,0.0,471.666666666667,0.0034191727886417,0,0
20.6333333333333,22.23,0.0,451.666666666667,0.0033366097602703,0,0
20.7,24.6,0.0,478.5,0.003709747848257,0,0
20.4633333333333,22.4633333333333,0.0,437.0,0.0033364607555133,0,0
20.478,22.392,0.0,435.4,0.0033288370937195,0,0
21.3566666666667,24.0,0.0,600.0,0.0037686651040406,0,0
21.9633333333333,29.2,0.0,1039.0,0.0047661092850531,0,0
21.978,24.6,0.0,714.0,0.0040140562223397,0,0
20.7,22.29,0.0,452.0,0.0033595119647966,0,0
20.5666666666667,22.2,0.0,455.0,0.0033183413387629,0,0
20.6666666666667,25.1,0.0,499.0,0.0037777934973741,0,0
20.6,24.08,0.0,459.4,0.0036084334401421,0,0
23.26,25.8566666666667,338.333333333333,997.333333333333,0.0045646047161598,0,0
20.5,22.29,0.0,443.0,0.0033181185303638,0,0
20.625,22.2225,0.0,449.75,0.0033337558311517,0,0
20.89,23.2225,0.0,495.0,0.0035422738117653,0,0
20.5,24.0,0.0,461.4,0.0035741340756772,0,0
20.6,22.2225,0.0,450.0,0.0033285939880228,0,0
20.7,24.575,0.0,466.75,0.003705955316754,0,0
20.5,22.29,0.0,441.25,0.0033181185303638,0,0
20.79,22.6,0.0,469.75,0.0034255294987624,0,0
20.7,24.6,0.0,475.4,0.003709747848257,0,0
20.85,22.678,0.0,468.6,0.0034502065947358,0,0
21.6,28.39,0.0,891.666666666667,0.0045304575512596,0,0
20.6,24.2,399.5,528.0,0.0036265205104997,0,0
20.68,25.12,0.0,508.0,0.0037839486547331,0,0
20.7,24.79,0.0,488.0,0.0037385725901998,0,0
20.79,24.89,0.0,527.666666666667,0.0037747360607463,0,0
20.4725,22.3925,0.0,435.75,0.003327775985307,0,0
22.39,27.29,603.6,1064.0,0.0045702120879911,1,0
20.7,25.1,0.0,491.25,0.0037856081341577,0,0
20.89,25.16,0.0,563.4,0.0038396372357686,0,0
20.65,22.245,0.0,445.5,0.0033423235093439,0,0
20.87,24.978,0.0,537.2,0.0038069761284953,0,0
21.2,27.0,0.0,692.75,0.0042021104973007,0,0
20.5,22.39,0.0,434.666666666667,0.0033330844307149,0,0
20.934,22.934,0.0,488.0,0.0035075530594368,0,0
20.79,25.0,0.0,528.25,0.0037915199910604,0,0
21.7,24.29,0.0,665.666666666667,0.0038960130145852,0,0
20.4175,23.7225,0.0,471.5,0.0035145287472435,0,0
20.625,22.2225,0.0,448.5,0.0033337558311517,0,0
20.89,24.89,0.0,554.0,0.0037981812511967,0,0
20.2,22.89,0.0,440.666666666667,0.0033450103391961,0,0
20.7,25.1,0.0,505.5,0.0037856081341577,0,0
22.29,24.912,0.0,778.4,0.004143846016637,0,0
20.89,24.934,0.0,552.4,0.0038049366666907,0,0
20.675,24.4725,0.0,464.25,0.0036846924014502,0,0
20.39,22.5,0.0,434.25,0.0033267584676934,0,0
20.79,25.0,0.0,515.0,0.0037915199910604,0,0
20.5,22.456,0.0,436.6,0.0033429623173779,0,0
22.26,24.8566666666667,0.0,769.333333333333,0.0041269875633749,0,0
20.39,22.5,0.0,432.333333333333,0.0033267584676934,0,0
21.0333333333333,23.29,0.0,517.666666666667,0.0035842579084635,0,0
20.7,24.5,0.0,468.0,0.0036945779980858,0,0
20.5,22.29,0.0,439.75,0.0033181185303638,0,0
20.6333333333333,22.23,0.0,450.333333333333,0.0033366097602703,0,0
20.6,24.39,0.0,468.25,0.0036551605108782,0,0
21.2,27.575,0.0,749.75,0.0042922174243698,0,0
20.79,22.6333333333333,0.0,469.666666666667,0.0034306097684301,0,0
20.675,24.4725,0.0,465.75,0.0036846924014502,0,0
20.5333333333333,22.26,0.0,453.666666666667,0.003320487101931,0,0
20.7,24.6,0.0,479.666666666667,0.003709747848257,0,0
20.5,22.29,0.0,436.5,0.0033181185303638,0,0
20.5,22.315,0.0,437.5,0.0033218599382935,0,0
23.2,25.6,171.0,942.0,0.0045024926667472,0,0
23.272,25.87,184.0,998.6,0.004570311934951,0,0
20.7,22.5,0.0,456.25,0.0033913353879516,0,0
20.29,22.76,0.0,433.333333333333,0.0033445695385783,0,0
20.7,25.0,0.0,494.0,0.0037704346054599,0,0
20.575,22.125,0.0,446.0,0.0033087802127036,0,0
20.6666666666667,22.26,0.0,450.25,0.0033480451204124,0,0
20.7225,22.4725,0.0,460.25,0.0033918917346256,0,0
20.7,25.1,0.0,495.8,0.0037856081341577,0,0
20.2225,22.815,0.0,438.25,0.0033386588389997,0,0
20.7,22.456,0.0,460.6,0.003384667354886,0,0
22.23,24.7933333333333,0.0,763.25,0.0041088413539211,0,0
20.5,22.29,0.0,440.25,0.0033181185303638,0,0
20.445,22.34,0.0,434.25,0.0033142716332881,0,0
21.0,25.89,0.0,606.0,0.0039787427297287,0,0
20.79,25.0,0.0,534.4,0.0037915199910604,0,0
20.7,24.5,0.0,470.6,0.0036945779980858,0,0
21.1,23.4725,0.0,547.0,0.0036274200490447,0,0
20.79,24.89,0.0,523.0,0.0037747360607463,0,0
20.5,22.4266666666667,0.0,436.666666666667,0.0033385721070013,0,0
20.79,25.0,0.0,532.8,0.0037915199910604,0,0
20.2,22.79,0.0,434.5,0.003330318682458,0,0
20.84,25.0,0.0,531.75,0.0038032789569584,0,0
20.745,22.6,0.0,471.5,0.0034159983324484,0,0
20.7,22.29,0.0,455.0,0.0033595119647966,0,0
22.1,24.7,0.0,727.0,0.0040607721003326,0,0
20.29,22.6,0.0,435.2,0.0033209320932795,0,0
20.5,22.29,0.0,445.333333333333,0.0033181185303638,0,0
20.29,22.79,0.0,440.0,0.0033490017585182,0,0
20.89,23.2,0.0,492.5,0.003538822218934,0,0
20.6,22.2,0.0,449.25,0.0033252058118989,0,0
20.2225,22.8675,0.0,435.25,0.0033463828188229,0,0
21.79,24.39,0.0,691.0,0.0039338681379609,0,0
20.5,22.39,0.0,443.25,0.0033330844307149,0,0
20.29,22.7,0.0,434.0,0.0033357052871784,0,0
20.5,22.29,0.0,438.2,0.0033181185303638,0,0
20.87,24.934,0.0,551.6,0.0038002289763746,0,0
20.7,25.1,0.0,487.75,0.0037856081341577,0,0
21.89,29.16,0.0,1021.2,0.0047381140670239,0,0
21.0,23.29,0.0,509.75,0.0035768802490343,0,0
20.6,22.2,0.0,447.0,0.0033252058118989,0,0
20.6,22.2,0.0,454.0,0.0033252058118989,0,0
21.6,28.6,0.0,926.0,0.0045642151207667,0,0
20.2675,22.72,0.0,433.666666666667,0.0033339951306504,0,0
20.7,24.6,0.0,475.666666666667,0.003709747848257,0,0
20.89,25.025,0.0,555.25,0.0038189085569427,0,0
20.6,24.2,0.0,463.5,0.0036265205104997,0,0
20.7675,25.0,0.0,513.75,0.003786238922116,0,0
20.7,25.0,0.0,491.25,0.0037704346054599,0,0
20.7,25.1,0.0,509.666666666667,0.0037856081341577,0,0
20.79,25.0,0.0,528.75,0.0037915199910604,0,0
21.025,26.315,0.0,631.5,0.0040507407505026,0,0
20.7,24.6,0.0,471.0,0.003709747848257,0,0
20.7225,22.34,0.0,451.25,0.0033717844063245,0,0
20.7,24.815,0.0,483.0,0.0037423655171143,0,0
21.0,25.956,0.0,600.5,0.0039889505737656,0,0
21.1,23.65,0.0,559.5,0.0036550119359932,0,0
20.29,22.7225,0.0,431.25,0.0033390293520038,0,0
20.87,22.718,0.0,471.4,0.0034606059383399,0,0
20.7,25.0,0.0,492.0,0.0037704346054599,0,0
20.87,25.58,0.0,577.2,0.0038993040518614,0,0
20.89,25.0,0.0,554.5,0.0038150700634007,0,0
20.745,22.55,0.0,459.5,0.0034083994007641,0,0
20.5,24.15,0.0,466.75,0.0035966015810162,0,0
21.2,27.6,0.0,758.5,0.0042961357050986,0,0
20.6,24.39,0.0,463.333333333333,0.0036551605108782,0,0
20.89,25.0,0.0,555.25,0.0038150700634007,0,0
21.2,27.0,0.0,699.5,0.0042021104973007,0,0
20.6,22.2,0.0,451.0,0.0033252058118989,0,0
20.7,22.5,0.0,459.75,0.0033913353879516,0,0
20.5,22.34,0.0,442.75,0.0033256013909947,0,0
20.81,22.62,0.0,467.4,0.0034328250361985,0,0
22.365,30.075,0.0,1164.0,0.0050326708378718,0,0
20.29,22.7,0.0,436.333333333333,0.0033357052871784,0,0
20.29,22.7,0.0,431.75,0.0033357052871784,0,0
20.5666666666667,22.26,0.0,443.333333333333,0.0033273578053557,0,0
21.0,23.26,0.0,514.333333333333,0.003572246385338,0,0
20.6,22.2,0.0,451.0,0.0033252058118989,0,0
20.89,25.2,0.0,559.666666666667,0.0038457793302435,0,0
21.5,24.26,0.0,650.333333333333,0.0038435524030295,0,0
21.23,23.8233333333333,0.0,585.0,0.0037116367952513,0,0
20.6,22.2,0.0,449.333333333333,0.0033252058118989,0,0
20.58,22.2,0.0,443.4,0.0033210856285391,0,0
20.6,22.2,0.0,446.25,0.0033252058118989,0,0
21.9175,29.29,0.0,1050.75,0.00476745642321,0,0
21.1,26.6,0.0,653.25,0.0041139379302597,0,0
20.66,24.312,0.0,459.6,0.0036569826295124,0,0
20.5,24.1,0.0,464.0,0.0035891122332562,0,0
20.2,22.79,0.0,436.5,0.003330318682458,0,0
21.945,24.6,0.0,715.0,0.0040059300193702,0,0
20.89,23.0,0.0,490.0,0.0035081430677697,0,0
21.5,24.2,0.0,640.333333333333,0.0038339879085467,0,0
20.7,24.6,0.0,472.5,0.003709747848257,0,0
20.675,22.2675,0.0,452.0,0.0033509088770266,0,0
20.89,23.1,0.0,495.5,0.0035234822671828,0,0
20.89,22.79,0.0,475.75,0.0034759331976165,0,0
20.7,24.5,0.0,468.25,0.0036945779980858,0,0
20.8566666666667,24.9266666666667,0.0,552.666666666667,0.0037959697919508,0,0
20.89,22.79,0.0,479.166666666667,0.0034759331976165,0,0
21.125,23.675,0.0,559.0,0.0036645535334741,0,0
20.7,25.1,0.0,508.5,0.0037856081341577,0,0
20.5,22.39,0.0,434.0,0.0033330844307149,0,0
20.89,25.6,0.0,582.666666666667,0.0039072069063924,0,0
20.675,22.2675,0.0,451.0,0.0033509088770266,0,0
20.89,25.5,0.0,573.0,0.0038918488819086,0,0
20.73,25.0666666666667,0.0,509.75,0.0037875860946652,0,0
20.6,22.125,0.0,445.25,0.0033139121566512,0,0
21.0,26.0,0.0,602.25,0.0039957559880805,0,0
20.8566666666667,24.9266666666667,0.0,541.333333333333,0.0037959697919508,0,0
20.5,22.29,0.0,439.75,0.0033181185303638,0,0
20.29,22.7,0.0,427.6,0.0033357052871784,0,0
21.5,28.1,0.0,844.5,0.0044562887217824,0,0
20.5,22.39,0.0,439.0,0.0033330844307149,0,0
20.6,22.29,0.0,447.333333333333,0.0033387587366944,0,0
20.79,24.89,0.0,519.0,0.0037747360607463,0,0
20.7,22.34,0.0,452.75,0.0033670886765457,0,0
20.7,24.865,0.0,485.75,0.0037499515088903,0,0
20.89,22.76,0.0,475.333333333333,0.0034713320583865,0,0
20.89,25.39,0.0,569.666666666667,0.0038749559254609,0,0
21.7,24.29,0.0,668.0,0.0038960130145852,0,0
20.675,25.075,0.0,490.75,0.0037759582806911,0,0
20.39,22.7,0.0,434.25,0.0033564892286204,0,0
21.1,23.3925,0.0,537.75,0.0036149850646024,0,0
23.2,25.5,171.0,912.75,0.0044847779918154,0,0
20.29,22.84,0.0,439.5,0.0033563889313708,0,0
20.5,22.39,0.0,437.0,0.0033330844307149,0,0
21.56,28.29,0.0,876.4,0.0045032671835188,0,0
20.62,24.236,0.0,467.2,0.0036364542245837,0,0
20.5,22.434,0.0,434.6,0.0033396696538164,0,0
23.2,25.58,176.0,928.8,0.0044989496516164,0,0
20.2,22.89,0.0,439.25,0.0033450103391961,0,0
20.5,24.2,0.0,462.5,0.0036040911080983,0,0
20.5,22.478,0.0,430.8,0.0033462550156139,0,0
20.365,22.575,0.0,438.5,0.0033327294967348,0,0
21.2,26.89,0.0,692.333333333333,0.0041848756048216,0,0
21.7,28.89,0.0,970.333333333333,0.0046393367231557,0,0
20.89,25.0,0.0,554.0,0.0038150700634007,0,0
20.89,23.26,0.0,499.333333333333,0.0035480265511301,0,0
20.89,25.39,0.0,572.75,0.0038749559254609,0,0
20.89,22.89,0.0,481.0,0.0034912708172997,0,0
20.39,22.5,0.0,432.0,0.0033267584676934,0,0
20.62,24.412,0.0,462.6,0.0036630173974891,0,0
20.65,22.245,0.0,443.0,0.0033423235093439,0,0
20.6,22.2,0.0,452.666666666667,0.0033252058118989,0,0
20.7,24.6,0.0,477.333333333333,0.003709747848257,0,0
21.1333333333333,24.8233333333333,444.0,747.333333333333,0.0038453769536416,1,0
20.6,22.1,0.0,441.25,0.0033101476955541,0,0
20.89,25.0,0.0,556.8,0.0038150700634007,0,0
20.7,24.5,0.0,472.333333333333,0.0036945779980858,0,0
20.7,25.1,0.0,498.75,0.0037856081341577,0,0
20.315,22.6,0.0,433.25,0.0033260943319235,0,0
20.39,23.7,0.0,472.0,0.0035051854492393,0,0
20.55,22.29,0.0,447.0,0.003328424538982,0,0
21.6,28.5,0.0,904.2,0.0045481396339949,0,0
20.89,24.945,0.0,547.0,0.003806625543353,0,0
20.5,24.1,0.0,470.6,0.0035891122332562,0,0
20.7,22.29,0.0,457.25,0.0033595119647966,0,0
20.29,22.79,0.0,435.666666666667,0.0033490017585182,0,0
20.2,22.79,0.0,439.666666666667,0.003330318682458,0,0
20.7,24.79,0.0,486.75,0.0037385725901998,0,0
20.39,22.4266666666667,0.0,438.333333333333,0.0033158578969764,0,0
20.7,24.6,0.0,480.75,0.003709747848257,0,0
20.79,24.945,0.0,516.25,0.0037831279133643,0,0
20.6,22.26,0.0,449.333333333333,0.0033342410298212,0,0
20.39,22.5,0.0,429.6,0.0033267584676934,0,0
20.39,22.5,0.0,440.666666666667,0.0033267584676934,0,0
20.625,24.315,0.0,459.25,0.0036495085240894,0,0
21.0,23.29,0.0,520.75,0.0035768802490343,0,0
20.5,22.29,0.0,439.75,0.0033181185303638,0,0
20.26,22.79,0.0,436.333333333333,0.0033427638310867,0,0
20.89,25.5,0.0,573.5,0.0038918488819086,0,0
20.5,24.2,0.0,468.666666666667,0.0036040911080983,0,0
20.7,22.29,0.0,451.0,0.0033595119647966,0,0
20.39,22.5,0.0,434.666666666667,0.0033267584676934,0,0
20.6,22.2,0.0,450.25,0.0033252058118989,0,0
20.245,22.84,0.0,437.75,0.0033470151399922,0,0
21.5,28.2675,0.0,865.25,0.0044830434626174,0,0
20.55,22.2,0.0,448.5,0.0033149137858631,0,0
20.56,22.2,0.0,449.0,0.0033169699431442,0,0
20.7,22.5,0.0,455.25,0.0033913353879516,0,0
20.9725,23.29,0.0,504.5,0.00357080375658,0,0
20.39,22.5,0.0,433.75,0.0033267584676934,0,0
21.0,25.39,444.0,720.75,0.0039014213909368,0,0
20.6,22.2,0.0,448.75,0.0033252058118989,0,0
20.39,22.5,0.0,433.5,0.0033267584676934,0,0
20.7,25.0,0.0,490.5,0.0037704346054599,0,0
20.7,25.0,0.0,492.25,0.0037704346054599,0,0
20.39,22.39,0.0,429.75,0.0033104077541291,0,0
20.89,23.1,0.0,492.5,0.0035234822671828,0,0
22.478,24.87,419.0,804.6,0.0041847041110814,0,0
20.79,22.625,0.0,468.0,0.0034293396932757,0,0
20.6,22.1,0.0,446.333333333333,0.0033101476955541,0,0
20.39,22.39,0.0,436.25,0.0033104077541291,0,0
20.7,24.6,0.0,477.25,0.003709747848257,0,0
20.5,22.29,0.0,438.25,0.0033181185303638,0,0
20.625,24.4175,0.0,463.5,0.0036649836944551,0,0
20.7,24.5,0.0,464.8,0.0036945779980858,0,0
21.7,28.865,0.0,958.75,0.0046352921487654,0,0
20.39,22.4725,0.0,433.8,0.0033226707091389,0,0
20.89,23.1,0.0,494.25,0.0035234822671828,0,0
20.5,24.1,0.0,466.8,0.0035891122332562,0,0
20.7,25.0,0.0,498.25,0.0037704346054599,0,0
20.58,22.254,0.0,449.4,0.0033292071835003,0,0
20.865,24.92,0.0,558.25,0.0037969067342688,0,0
20.6,22.1333333333333,0.0,445.0,0.0033151669870892,0,0
20.39,22.5,0.0,433.5,0.0033267584676934,0,0
20.62,24.412,0.0,467.6,0.0036630173974891,0,0
20.39,22.5,0.0,435.25,0.0033267584676934,0,0
20.6,22.26,0.0,450.666666666667,0.0033342410298212,0,0
21.89,24.5,0.0,694.75,0.0039760854761051,0,0
20.5,22.39,0.0,447.75,0.0033330844307149,0,0
20.6,24.2,0.0,463.25,0.0036265205104997,0,0
22.1333333333333,24.7,0.0,732.666666666667,0.004069083657579,0,0
21.39,23.9725,0.0,596.5,0.0037720659972821,0,0
20.7225,22.6,0.0,458.5,0.0034112415165962,0,0
20.7,25.05,0.0,509.75,0.0037780212778289,0,0
21.315,23.89,0.0,597.5,0.0037416596327326,0,0
20.6,24.1,0.0,463.25,0.0036114478792426,0,0
21.29,23.89,0.0,584.5,0.0037358931425189,0,0
20.56,22.2,0.0,443.0,0.0033169699431442,0,0
20.434,23.736,0.0,468.8,0.0035201446023228,0,0
20.575,22.175,0.0,441.75,0.0033162975494958,0,0
20.6,24.2,0.0,460.333333333333,0.0036265205104997,0,0
20.5,22.37,0.0,438.0,0.0033300911933357,0,0
20.89,25.0,0.0,555.5,0.0038150700634007,0,0
20.7,24.5,0.0,474.75,0.0036945779980858,0,0
21.2,27.7,0.0,764.0,0.004311809318306,0,0
20.6333333333333,25.1,0.0,497.0,0.0037699930872535,0,0
21.1,23.6,0.0,553.25,0.0036472393272515,0,0
20.6333333333333,24.4266666666667,0.0,468.333333333333,0.0036682627022318,0,0
20.7,24.7,0.0,482.8,0.0037249184340265,0,0
20.7,22.29,0.0,455.5,0.0033595119647966,0,0
23.215,25.6833333333333,169.666666666667,952.5,0.0045213823314755,0,0
20.29,22.6,0.0,437.6,0.0033209320932795,0,0
20.39,22.5,0.0,436.25,0.0033267584676934,0,0
20.5,22.39,0.0,434.5,0.0033330844307149,0,0
21.29,27.79,0.0,772.5,0.0043500363108544,0,0
20.5,22.39,0.0,437.25,0.0033330844307149,0,0
20.89,25.79,0.0,580.75,0.0039363892294658,0,0
21.2,27.5,0.0,746.4,0.004280462876344,0,0
20.89,25.2,0.0,558.333333333333,0.0038457793302435,0,0
20.7,24.6,0.0,469.25,0.003709747848257,0,0
